{
  "trained_at_utc": "2026-02-24T20:33:33.044073+00:00",
  "dataset_path": "C:\\Users\\JOSUE BAZAN\\Desktop\\TESIS\\tesis-triaje-virtual\\data\\dataset.csv",
  "dataset_sha256": "c92e90667d7a318337bded688fe4a9bc953acf00cf09f354a2e75756816409bb",
  "n_samples": 150,
  "class_distribution": {
    "1": 32,
    "2": 88,
    "3": 30
  },
  "majority_class": 2,
  "majority_baseline_accuracy": 0.5866666666666667,
  "filas_invalidas": 0,
  "textos_omitidos": 0,
  "holdout": {
    "accuracy": 0.7333333333333333,
    "macro_f1": 0.7037037037037037,
    "n_train": 120,
    "n_test": 30,
    "test_distribution": {
      "1": 6,
      "2": 18,
      "3": 6
    },
    "confusion_matrix": [
      [
        4,
        2,
        0
      ],
      [
        2,
        14,
        2
      ],
      [
        0,
        2,
        4
      ]
    ],
    "classification_report": {
      "1": {
        "precision": 0.6666666666666666,
        "recall": 0.6666666666666666,
        "f1-score": 0.6666666666666666,
        "support": 6.0
      },
      "2": {
        "precision": 0.7777777777777778,
        "recall": 0.7777777777777778,
        "f1-score": 0.7777777777777778,
        "support": 18.0
      },
      "3": {
        "precision": 0.6666666666666666,
        "recall": 0.6666666666666666,
        "f1-score": 0.6666666666666666,
        "support": 6.0
      },
      "accuracy": 0.7333333333333333,
      "macro avg": {
        "precision": 0.7037037037037037,
        "recall": 0.7037037037037037,
        "f1-score": 0.7037037037037037,
        "support": 30.0
      },
      "weighted avg": {
        "precision": 0.7333333333333333,
        "recall": 0.7333333333333333,
        "f1-score": 0.7333333333333333,
        "support": 30.0
      }
    }
  },
  "cv": {
    "n_splits": 5,
    "accuracy_mean": 0.7066666666666667,
    "accuracy_std": 0.05333333333333337,
    "macro_f1_mean": 0.6561889974318418,
    "macro_f1_std": 0.09453957635014419
  },
  "model_path": "C:\\Users\\JOSUE BAZAN\\Desktop\\TESIS\\tesis-triaje-virtual\\models\\model_bundle.joblib",
  "catalog_size": 171,
  "sklearn_version": "1.7.2"
}